{"alpha": 18.85971302788046, "booster": "gbtree", "colsample_bytree": 0.8182621407275736, "gamma": 1.7938999080000846, "lambda": 74.8135027959292, "learning_rate": 0.019026998424023493, "max_depth": 4, "min_child_weight": 33, "n_estimators": 1026, "objective": "binary:logistic", "subsample": 0.8878338511058235}