{"alpha": 22.695770696717233, "booster": "gbtree", "colsample_bytree": 0.6987504251354405, "gamma": 0.015444564092596823, "lambda": 45.6135294962221, "learning_rate": 0.05442607898601997, "max_depth": 5, "min_child_weight": 26, "n_estimators": 1148, "objective": "binary:logistic", "subsample": 0.8438257335919588}