{"alpha": 5.526446347075765, "booster": "gbtree", "colsample_bytree": 0.7146165008513138, "gamma": 0.013862498908535161, "lambda": 0.40500249939049426, "learning_rate": 0.021204456624764327, "max_depth": 3, "min_child_weight": 24, "n_estimators": 1527, "objective": "binary:logistic", "subsample": 0.8148329708786621}