{"alpha": 20.776869914701784, "booster": "gbtree", "colsample_bytree": 0.7351624602595549, "gamma": 0.5788421510174566, "lambda": 56.68488618930582, "learning_rate": 0.040996223841793515, "max_depth": 3, "min_child_weight": 32, "n_estimators": 600, "objective": "binary:logistic", "subsample": 0.7654062155911188}