{"alpha": 19.66353330294551, "booster": "gbtree", "colsample_bytree": 0.7067700327819991, "gamma": 0.7469699386833378, "lambda": 59.21142387297499, "learning_rate": 0.06698524800218594, "max_depth": 4, "min_child_weight": 38, "n_estimators": 663, "objective": "binary:logistic", "subsample": 0.6727271995856421}