{"alpha": 18.27094128700746, "booster": "gbtree", "colsample_bytree": 0.8168836917467422, "gamma": 0.9564333839306678, "lambda": 59.36911369156867, "learning_rate": 0.04775278851728622, "max_depth": 4, "min_child_weight": 49, "n_estimators": 1055, "objective": "binary:logistic", "subsample": 0.7527348848679197}